agent,trials,attack_success_rate_mean,attack_success_rate_ci95,unauthorized_risky_action_rate_mean,unauthorized_risky_action_rate_ci95,benign_accuracy_mean,benign_accuracy_ci95,poison_sealing_rate_mean,poison_sealing_rate_ci95,false_positive_rate_mean,false_positive_rate_ci95,average_latency_ms_mean,average_latency_ms_ci95
ablation_no_denied_actions,5,0.6956521739130435,0.0,0.5769230769230769,0.0,1.0,0.0,0.0,0.0,0.0,0.0,0.0283601922984207,0.00025675355384193534
ablation_no_quorum,5,0.08478260869565217,0.0028405797101449287,0.075,0.0025128205128205146,1.0,0.0,0.13043478260869565,0.0,0.0,0.0,0.029230192288382684,0.0024027761677283383
ablation_no_topic_scope,5,0.0036231884057971015,0.0031758646636953535,0.003205128205128205,0.002809418740961274,0.638888888888889,0.03443369007738898,0.13043478260869565,0.0,0.0,0.0,0.03124955126984274,0.00045255934967295417
ambient_memory,5,0.5601449275362319,0.00284057971014494,0.5115384615384615,0.0037692307692307986,0.9722222222222222,0.017216845038694518,0.0,0.0,0.0,0.0,0.02333198718611712,0.0006538870456072391
intent_capsules,5,0.0,0.0,0.0,0.0,1.0,0.0,0.13043478260869565,0.0,0.0,0.0,0.029944935900880994,0.0034184510265855648
keyword_filter,5,0.5166666666666666,0.0028405797101448966,0.45705128205128204,0.0025128205128205038,0.9722222222222222,0.017216845038694518,0.0,0.0,0.0,0.0,0.02333044869887183,0.0004401003194295404
provenance_only,5,0.15289855072463768,0.010388524682290744,0.13525641025641025,0.009189848757411051,0.9555555555555555,0.01333611082181953,0.0,0.0,0.0,0.0,0.022599807692667805,0.0005466182334253115
